run,request,response_time_ms
run1,1,130271.502
run1,2,35626.463
run1,3,36134.485
run1,4,36137.503
run1,5,35267.671
run1,6,32873.783
run1,7,36120.769
run1,8,32950.130
run1,9,40702.561
run1,10,36549.779
run1,11,42605.907
run1,12,44398.602
run1,13,36905.946
run1,14,38235.757
run1,15,38787.242
run1,16,42347.020
run1,17,37678.558
run1,18,38743.091
run1,19,34861.818
run1,20,36427.023
run1,21,40093.083
run1,22,34262.596
run1,23,39845.667
run1,24,37889.845
run1,25,46760.313
run1,26,35057.580
run1,27,38286.658
run1,28,35439.302
run1,29,39760.062
run1,30,39554.193
run1,31,38182.388
run1,32,36911.499
run1,33,35069.532
run1,34,32073.080
run1,35,44989.007
run1,36,43835.390
run1,37,38748.423
run1,38,45242.879
run1,39,38638.944
run1,40,38731.840
run1,41,32189.919
run2,1,124314.313
run2,2,53241.667
run2,3,42660.757
run2,4,53324.470
run2,5,44655.542
run2,6,48545.298
run2,7,43165.648
run2,8,52684.283
run3,1,46543.145
run3,2,55451.779
